,Entity,mortality_rate,agriculture_land,hapiness_rate,literacy_rate,maternal_mortality,life_expectancy,birth_rate,terrorist_incidents,health_expenses,inflation_rate,basic_sanitation,gdp,population_density
0,Afghanistan,7.431500244140627,58.06757957295589,3.982854605,38.168040999999995,396.0,63.287997999999995,33.98,1928.0,10.09395812,-0.661709164713696,39.22043325002,19907111418.9938,51.6749287749288
1,Albania,1.532299995422363,42.857666015625206,4.6066508289999994,97.55390200000001,29.0,78.17400400000001,11.879000000000001,4.0,6.81974032,1.91001697792868,97.69065534071959,11386931489.7968,105.135145985401
2,Algeria,2.9577999114990234,17.4059294622839,,79.608398,140.0,75.860001,23.9,16.0,6.98289165,4.78444700693894,87.4876863565245,165979277276.90698,16.7405040012764
3,Angola,9.391500091552734,47.477340178070094,,71.164162,477.0,61.241001000000004,42.321000000000005,0.0,2.9504308,10.278046066107,39.429422840720704,116193649124.475,22.3464385978985
5,Argentina,1.4994999885559082,54.3357121193851,6.69713068,98.089973,52.0,76.415001,17.364,1.0,8.74331517,,94.8398814623159,594749285413.212,15.8650650968871
6,Armenia,1.455700016021729,58.8935704661707,4.34831953,99.768417,25.0,74.445,13.808,2.0,10.11762751,3.7316911926169505,91.58276665231091,10553337672.9872,102.456972251493
8,Australia,0.4157999992370607,47.6306574853885,7.309060574,,6.0,82.725998,12.9,14.0,9.33006717,1.50836672165921,100.0,1349034029453.37,3.10464105801648
9,Austria,0.3299000024795532,32.9417255251407,7.07644701,,4.0,81.41999799999999,9.8,0.0,10.34288459,0.896565315628228,99.9733750252992,381805676697.70703,104.730790203943
10,Azerbaijan,3.342399978637696,57.70175190092589,5.146774768999999,99.80526,25.0,71.920998,17.2,0.0,6.83903754,4.00943826686826,89.3490808342493,53074370486.0433,116.73107678163099
12,Bahrain,0.8166999816894531,11.0539846325564,6.00737524,95.717262,15.0,76.761002,15.110999999999999,18.0,4.97506622,1.8395198750359898,100.0,31125851063.8298,1779.3190661478602
13,Bangladesh,3.647900009155273,70.38672685238531,4.633473873,61.493832,176.0,72.154999,19.29,469.0,2.46311455,6.19428022984988,46.92459322988461,195078678697.23,1238.38738572636
15,Belarus,0.41160001754760733,42.24201571252429,5.718907832999999,99.722038,4.0,72.748001,12.5,0.0,6.06528028,13.534489764973399,94.2539798637126,56454734396.5842,46.767611256222
16,Belgium,0.3884000062942505,43.857331571994706,6.904219151,,7.0,80.96399699999999,10.8,0.0,10.10563808,0.561429152790106,99.4860606074059,455837758493.34796,372.33143989432
18,Benin,10.045800018310553,33.2564739269244,3.6246643069999998,38.447140000000005,405.0,60.638999999999996,37.431,0.0,3.99181962,0.273667816219823,13.9301122458203,8291155880.59505,93.7916991841078
19,Bhutan,3.2890998840332037,13.7891224996434,5.082128525,63.90681800000001,148.0,69.817001,18.46,0.0,3.65892296,4.548143950821929,62.87050065048761,2059809919.89325,20.6570821418265
20,Bolivia,6.556600189208986,34.7650696944521,5.834329127999999,95.141922,206.0,68.755997,23.549,0.0,6.42235639,4.05961041135646,52.6140267297645,33000198263.3864,9.90003230868642
21,Bosnia and Herzegovina,0.8144000053405762,42.5,5.1171779630000005,98.485764,11.0,76.735001,9.12,0.0,9.34804253,-1.02328504490745,94.7820992357338,16209702863.6235,69.06173828125
22,Botswana,3.841400146484375,45.6330167970197,3.761964798,88.224411,129.0,65.846001,24.14,0.0,5.96507028,3.0620316958055898,59.9559063382571,14406496463.6055,3.89814726589381
23,Brazil,1.65,33.9887821931674,6.546896935,92.586807,44.0,75.283997,14.405,5.0,11.4647339,9.029807185774901,86.14835205188679,1802214373741.32,24.6420983615972
24,Brunei,0.7280000209808349,2.73244774545167,,96.656532,23.0,77.045998,16.137999999999998,0.0,2.3870891,-0.4151219258563,96.33040521667441,12930394937.8137,79.22998102466791
25,Bulgaria,0.9190999984741212,46.1670956369174,4.865401268,98.38858,11.0,74.61799599999999,9.2,2.0,8.20309288,-0.104633261008417,85.9811123144257,50201314894.5817,66.12003500368459
26,Burkina Faso,8.992900085449222,44.225146198830394,4.418930054,37.7467,371.0,59.926998,39.436,6.0,5.82531598,0.9549933173779359,22.5320811837064,10419303761.3524,66.1938011695906
27,Burundi,11.59560012817383,79.1666666666667,,85.496094,712.0,57.094002,42.662,102.0,4.88310844,5.54468891259786,50.46031706594621,3104394858.11518,397.16783489096605
28,Cambodia,2.944599914550781,30.903013822796304,4.162164688,78.34594,161.0,68.620003,23.682,0.0,6.17148507,1.22127006080706,48.8254492739503,18049954289.4229,87.90865057783822
29,Cameroon,9.616600036621094,20.6257536333058,5.037964821,74.98558,596.0,57.582001,36.836999999999996,83.0,4.69952298,2.67623531419902,38.834985133672205,30916218544.4404,48.3055615493643
30,Canada,0.5217000007629395,6.890210624802741,7.412772655,,7.0,82.206001,10.7,5.0,10.37650812,1.12524136094279,98.5,1552521512853.35,3.9404490675217794
31,Cape Verde,2.501300048828125,19.6029776674938,,88.465424,42.0,72.59899899999999,21.144000000000002,0.0,5.31378574,0.131187999024475,65.2069638901171,1596800287.16405,132.236476426799
32,Central African Republic,13.91920013427734,8.15435487495586,,36.752609,882.0,51.41,36.113,48.0,6.30899109,37.1422148089365,25.086999751318196,1583776805.9656801,7.29734501910174
33,Chad,13.845500183105472,39.656130876747106,4.3226752280000005,40.018242,856.0,52.575001,43.864,27.0,4.54621344,3.66990043400558,9.548387843000011,10945989471.6286,11.1256456480305
35,Chile,0.8194000244140626,21.229751156063603,6.532749653,96.627548,22.0,79.315002,13.437000000000001,1.0,8.29995557,4.3487735321705,99.8882096998596,243999477737.94,23.8895985646885
36,China,1.224699974060059,56.2229572752744,5.303877831,96.357452,27.0,76.092003,12.07,17.0,4.88872272,1.4370245139476001,75.0372785640484,11064666282625.5,146.057646126616
37,Colombia,2.3625000000000003,40.257414657503396,6.387571812000001,94.577057,64.0,74.199997,15.479000000000001,136.0,6.0226695,4.99023427513779,84.4391972018127,293481748240.779,43.468857142857104
39,Congo,5.940200042724608,31.118594436310396,4.6908302310000005,79.311172,442.0,64.112,35.234,0.0,3.41535064,3.1690979675082405,15.0093285156156,8553154580.399509,14.6285446559297
40,Costa Rica,1.1093999862670902,34.8609479044262,6.8540043829999995,97.647247,25.0,79.634003,14.525,0.0,7.78042454,0.8018571624724979,97.1485496011427,54775994478.4981,94.160830395613
41,Cote d'Ivoire,9.027300262451172,64.7798742138365,4.445038795,43.26532,645.0,53.053001,37.099000000000004,4.0,5.26271074,1.25149954781471,29.9318380607918,39633467835.725,72.6681509433962
42,Croatia,0.4489999771118165,27.476768684523602,5.205438137,99.272591,8.0,77.475998,8.9,0.0,7.15420884,-0.46449900464500204,97.4661284549188,49490142433.1046,75.11801286633309
45,Cyprus,0.4613999843597412,13.799783780977302,5.439161301,99.059776,7.0,80.344002,10.984000000000002,3.0,6.8085447,-2.09699769053116,99.3696608636364,19680625485.1946,125.647727272727
46,Czech Republic,0.2904000043869019,45.2532055433234,6.608017445,,4.0,78.58000200000001,10.5,4.0,7.24275683,0.309364548494974,99.13616018347669,186829940545.75897,136.57160062160102
47,Democratic Republic of Congo,10.73190002441406,11.5568690589092,3.9027416710000002,77.221672,693.0,59.205002,42.809,143.0,3.9869163,0.7441989947814991,19.7136866282261,37917704900.0794,33.6104713173507
48,Denmark,0.3779000043869019,62.181471778995,7.5144248010000005,,6.0,80.586998,10.2,4.0,10.27382498,0.452034153691623,99.5972302049963,302673037998.602,135.353250773994
50,Dominican Republic,2.633600044250488,48.6855723452701,5.061862468999999,92.465424,92.0,73.672997,20.513,0.0,6.04389175,0.8367463467245759,82.6969817385066,68802092020.9448,217.934050921134
51,Ecuador,2.3993999481201165,23.306490184988498,5.964075089,94.515472,64.0,76.101997,20.477,1.0,8.58845682,3.96664623255354,86.1382159564663,99290381000.0,65.0038975680464
52,Egypt,2.1799999237060548,3.8071928446305696,4.7625384330000005,75.842621,33.0,71.304001,27.201999999999998,647.0,4.62285691,10.362069735256,93.1694798363426,332698041030.807,94.2068129991461
53,El Salvador,1.8037000656127933,75.53088803088801,6.018496037,87.648216,54.0,73.266998,18.69,0.0,6.86405934,-0.731384487387986,91.1250736675765,23166030400.0,304.656274131274
54,Equatorial Guinea,10.07600021362305,10.124777183600699,,95.195663,342.0,57.433997999999995,34.635,0.0,2.70818175,1.6766308531598502,74.53794938545171,13180195435.1132,41.90335115864529
56,Estonia,0.3875999927520752,22.843340234644604,5.628908634,99.823509,9.0,77.383003,10.6,2.0,6.48181399,-0.49232600654733794,99.6088323567771,22904456871.8171,31.0310686482661
57,Ethiopia,6.050600051879883,36.259,4.573154926,49.031521000000005,353.0,65.037003,32.299,7.0,3.97593223,10.110747736102699,7.0789180703781405,64464547915.2698,99.87303299999999
59,Finland,0.2371999979019165,7.48050377527475,7.447925568,,3.0,81.148003,10.1,9.0,9.74289421,-0.20792883990521804,99.44792463654659,232850788304.513,18.030110888091897
60,France,0.37060000896453865,52.4637632255604,6.357625007999999,,8.0,82.369003,12.0,37.0,11.50136047,0.0375143805125363,98.6520040281974,2438207896251.84,121.61905701141599
63,Gabon,5.225799942016604,20.0256141576435,4.66101265,83.237877,291.0,65.684998,30.089000000000002,0.0,2.65743937,-0.338795188753357,40.930385991297605,14377324797.637,7.49087980750572
64,Gambia,7.0969001770019515,59.7826086956522,,55.572762,706.0,60.953998999999996,39.986999999999995,0.0,4.76148864,6.80832625174806,41.6937609285644,1394149615.0246801,195.414031620553
65,Georgia,1.1503000259399412,34.7978140402396,4.1219406130000005,99.759621,36.0,73.096001,13.795,1.0,7.93235924,4.00357820695098,84.8767172511691,13993546747.7492,65.0320165156234
66,Germany,0.32780001163482675,47.959206296419495,7.037137508,,6.0,80.848,9.0,65.0,11.07906625,0.51442053951781,99.21912409874349,3381389338658.82,234.153658068159
67,Ghana,6.3057998657226575,68.9988573437637,3.9859161380000003,76.575897,319.0,62.448002,31.557,0.0,6.08769695,17.149969500787698,14.2795059315063,49181854798.2552,121.221855497934
68,Greece,0.37200000286102297,48.09154383242821,5.622519016,95.29287,3.0,81.043999,8.5,31.0,8.19431265,-1.7360367959808,98.963963960248,196591353761.226,83.947889837083
72,Guatemala,2.969400024414063,35.9835759611795,6.464986801,79.074211,88.0,73.150002,25.634,0.0,5.51590055,2.3887203283955203,67.36292035139171,63767597193.9175,151.665070921986
73,Guinea,9.115000152587893,59.01025557545171,3.504693508,30.472790000000003,679.0,59.418999,36.357,2.0,5.82712195,8.150870774897161,21.9522720308296,8794202409.5678,49.2085829399316
74,Guinea-Bissau,12.56100006103516,57.9658605974395,,59.77285,549.0,57.0,37.146,0.0,6.51981283,1.4046088728641102,21.4660037496657,1047808175.0005699,62.9632290184922
75,Guyana,3.9665000915527338,8.58521717043434,,87.53531600000001,229.0,66.53600300000001,20.733,0.0,4.45280875,-1.00173432776379,86.164053044025,3197222215.01211,3.90405892811786
76,Haiti,7.3092002868652335,66.7634252539913,3.569762468,60.68935,359.0,63.055,24.546,0.0,5.3723227,9.01651881309269,30.5437907368745,8724656126.498491,388.645174165457
77,Honduras,3.787599945068359,28.9123246045223,4.845436573,88.424583,129.0,73.375999,22.04,0.0,7.71396922,3.1578311798092096,79.77644697244921,20979767785.2104,80.0860577352757
79,Hungary,0.5275000095367431,58.146470783165796,5.34438324,99.380882,17.0,75.809998,9.4,1.0,7.12069992,-0.0616446800641176,97.98953148110729,123074092703.14099,108.726698332045
80,Iceland,0.20580000877380367,18.6733167082294,7.498070717,,3.0,82.586998,12.5,0.0,8.34576615,1.63305558181333,98.7774415584416,17344165907.2129,3.29990024937656
81,India,4.800299835205078,60.4471964455686,4.342079163,72.22530400000001,174.0,68.302002,19.269000000000002,884.0,3.59770551,5.87242659466756,44.1511227474094,2103587813812.2,440.28601602992103
82,Indonesia,2.7841999053955084,31.4644203646561,5.04279995,95.43768299999999,126.0,69.025002,19.35,29.0,3.0053612999999997,6.36312113115614,67.8866081615617,860854235065.0791,142.507390274734
83,Iran,1.542300033569336,28.214101525086605,4.749955654,87.172531,25.0,75.730003,17.102999999999998,9.0,7.76057939,13.699208443271699,88.2898219273923,385874474398.59,48.724481814386394
84,Iraq,3.5016998291015637,21.4222529591242,4.493377209,79.72176400000001,50.0,69.67199699999999,33.628,2751.0,3.10581652,1.3933302878026201,85.65929850091,177498577312.923,83.1544690550746
85,Ireland,0.3148000001907349,64.3054144287995,6.830125332000001,,8.0,81.306999,13.9,28.0,7.44604196,-0.289879079012739,92.17795166464649,291092489805.942,68.2531136594571
86,Israel,0.3780999898910523,24.671905009892,7.07941103,,5.0,82.334999,21.3,58.0,7.37530683,-0.632490013315584,100.0,300470790394.92303,387.250462107209
87,Italy,0.3118000030517578,44.0096552661998,5.847683907,99.015793,4.0,82.808998,8.0,5.0,8.98541669,0.0387903996579552,99.2814443535047,1832273032580.67,206.468287210172
88,Jamaica,1.6745000839233402,40.9972299168975,,88.499901,89.0,75.835999,16.809,0.0,5.65847448,3.6758879185711497,85.3737138329285,14145469269.456999,265.18319482917803
89,Japan,0.2848000049591065,12.3326750054861,5.879684448,,5.0,83.622002,8.0,10.0,10.87187938,0.7895178901394271,100.0,4394977752877.82,348.751920122888
90,Jordan,1.847299957275391,11.897950538726402,5.404593468,98.014351,58.0,74.181999,27.043000000000003,4.0,6.2844915,-0.8769133603468651,96.70805801896921,37517410281.6901,103.16852894796101
91,Kazakhstan,1.5350000381469733,80.376338111642,5.949995041,99.787849,12.0,69.692001,22.71,0.0,3.08749265,6.67828585615241,97.80530796767891,184388432148.715,6.49805756195133
92,Kenya,5.0369998931884785,48.54693045647821,4.357617855,78.023399,510.0,66.695,31.781999999999996,71.0,4.89013852,6.582174402503981,29.8446798143212,64007751187.8874,82.99585163580142
94,Kuwait,0.9904999732971193,8.38383804132907,6.1460318570000005,96.11770600000001,4.0,74.577003,16.872,1.0,4.01473617,3.27170166092134,100.0,114567298105.68301,220.863860830527
95,Kyrgyzstan,2.063299942016602,55.041710114702795,4.9053759569999995,99.50131999999999,76.0,70.80100300000001,27.4,3.0,7.21937462,6.503318389933809,96.5860782710499,6678178340.45121,31.0578727841502
96,Laos,5.500099945068358,10.2642980935875,,79.867462,197.0,66.334999,24.316999999999997,2.0,2.45366446,1.27735427102986,72.59428682589349,14390391264.2607,28.8733405545927
97,Latvia,0.6997000217437744,30.307172724348696,5.880597591,99.89269300000001,18.0,74.431,11.1,0.0,5.71063679,0.17424224362521398,92.8639822985734,26972863393.6384,31.803264715342603
98,Lebanon,1.0123000144958498,64.3206256109482,5.171971321,94.051102,15.0,79.408997,15.377,44.0,7.82593249,-3.74914524799635,95.3593653846154,49910270062.1559,571.992082111437
99,Lesotho,7.149900054931642,73.2542819499341,,79.36093100000001,487.0,53.744999,28.158,1.0,8.34570567,3.17186061878882,43.79110608173671,2510312804.7673697,71.6286231884058
100,Liberia,7.082599639892577,28.031561461794,2.701591253,47.60014,725.0,62.007,34.721,0.0,10.18906067,7.748696876213111,16.8894778100142,3177000000.0,46.7153343023256
102,Lithuania,0.4922999858856201,47.979248241719894,5.711378098,99.82328000000001,10.0,74.481003,10.8,0.0,6.47636009,-0.8841084346512859,93.6218408701642,41516701871.248,46.3702391214124
103,Luxembourg,0.37969999313354497,54.0205778899016,6.701571465,,10.0,81.629997,10.7,0.0,6.18960579,0.4747431614378,97.61098260890492,57204400105.015,219.924324324324
105,Macedonia,0.9479999542236328,50.0396510705789,4.975589752,97.843758,8.0,75.54900400000001,11.296,4.0,6.35398538,-0.301279046727296,90.9112030081396,10064515432.0265,82.4467882632831
106,Madagascar,4.897900009155274,71.18425575799242,3.592514038,64.65630300000001,353.0,65.539001,33.4,0.0,5.50418518,7.40419174202123,9.69366814011379,9744243531.20119,41.6536404262633
107,Malawi,7.85260009765625,61.4128128977514,3.86763835,65.963829,634.0,62.660999,37.053000000000004,0.0,9.33346903,21.8673475542553,43.529605445821296,6373212640.84604,186.398037759864
108,Malaysia,0.7445000171661378,26.0842177037361,6.3221211429999995,94.636993,40.0,75.14299799999999,17.09,5.0,3.89755195,2.10438980238344,99.57400673484541,296636282166.176,93.51135291432051
109,Maldives,0.8710000038146973,26.333333651224798,,99.321022,68.0,77.042,18.805999999999997,2.0,8.89896749,0.9532066587774191,95.86881806331742,4109424801.40835,1394.67666666667
110,Mali,11.433599853515629,33.7660528278383,4.582098483999999,33.068871,587.0,57.478001,43.218999999999994,121.0,4.11122936,1.45069057605952,31.268334036489502,13099495529.7113,14.315725419811699
111,Malta,0.5298999786376953,31.968748569488397,6.61339426,94.066612,9.0,80.694,9.7,1.0,9.35561461,1.1005482637893,99.9613567330935,10554669617.5194,1390.790625
113,Mauritania,8.900399780273437,38.5281847288251,3.922664165,52.123562,602.0,63.082001,34.574,0.0,4.64444537,3.25472688117633,44.620624337663,4844223106.95469,4.057767536625589
114,Mauritius,1.3395000457763668,42.3645320197044,,90.616043,53.0,74.569,10.1,0.0,5.78975132,1.2865497076023502,93.1491330307737,11692287066.381,621.972906403941
117,Mexico,2.1881000518798834,54.902646673011105,6.236287117000001,94.54559300000001,38.0,76.932999,18.512,19.0,5.65276786,2.7206406496402997,89.21839254781891,1170564619927.69,64.7603842691427
119,Moldova,1.54370002746582,74.78406029026,6.0174722670000005,99.244392,23.0,71.468002,10.524000000000001,0.0,10.17688536,9.676240331018608,78.3989439784143,6512885830.43282,123.806319016268
120,Mongolia,2.516900062561035,72.67405185509409,4.982719898,98.367638,44.0,69.086998,24.711,0.0,3.8824954,6.58005736460267,59.221530297857704,11749620619.5962,1.9161648085687102
121,Montenegro,0.6248000144958497,17.204460512749698,5.124921322,98.719948,7.0,76.938004,11.515999999999998,1.0,,1.54869158222488,95.9086871225424,4052913385.8267703,46.25717472118961
122,Morocco,2.9184999465942383,68.5447008738517,5.163156986000001,71.710548,121.0,75.572998,20.397000000000002,1.0,5.41232575,1.5579071134626898,83.466067685051,101179808076.36,77.98190006721941
123,Mozambique,9.847799682617188,63.5189094330985,4.549767494,58.836552000000005,489.0,57.714001,39.36,8.0,5.18223307,,23.560732181314396,14798413628.4625,35.6197906864366
124,Myanmar,5.459299850463869,19.521345011330897,4.2238464360000005,93.09005,178.0,66.46399699999999,18.004,37.0,5.19360297,9.48547255450258,64.6964737738349,59687410896.5734,80.2408112329271
125,Namibia,4.087400054931641,47.1389182426605,,90.820503,265.0,63.782001,29.587,0.0,9.86479841,3.3956606554032795,33.8367672410459,11650656642.2655,2.94618056820804
126,Nepal,3.5280998229980467,28.7478200209278,4.812436581,64.66364300000001,258.0,69.887001,19.973,48.0,6.21927182,7.86890895590905,46.12659059884971,21410840908.5198,199.90430415068002
127,Netherlands,0.3525000095367432,54.5265657465123,7.324437141000001,,7.0,81.709999,10.1,3.0,10.39499588,0.6002481472787751,97.7269662736924,765264949780.999,502.81754229741796
129,New Zealand,0.5079999923706054,41.1682047776385,7.418120861,,11.0,81.728996,13.27,0.0,9.30662416,0.29270462813610104,100.0,177620948761.31,17.4535718354791
130,Nicaragua,2.143400001525879,42.0890809373442,5.924112797,82.471848,150.0,75.149002,19.925,0.0,7.91558655,3.99737996694398,76.3491852264727,12611087031.4931,50.540427123151105
131,Niger,11.017099761962893,36.063787795058,3.6714537139999996,19.1026,553.0,59.667,48.438,41.0,7.09101535,-0.576090369833086,12.9373277283546,7217667780.59665,15.707716902186801
132,Nigeria,11.20830001831055,77.73642083072559,4.932914734,59.56808100000001,814.0,52.985001000000004,39.372,638.0,3.57255253,9.00938718326781,32.600957001043604,494583180777.234,198.932490090802
134,Norway,0.2506999969482422,2.7005692791994704,7.603433609,,5.0,82.015999,11.3,0.0,10.10889268,2.17113665389528,98.058581,386663139402.70703,14.210294459883098
135,Oman,1.0237000465393071,4.63327948303716,,93.971649,17.0,76.80100300000001,19.590999999999998,0.0,4.30537627,0.0652901330286481,99.31807583294491,68921456436.9311,13.5696607431341
136,Pakistan,8.284999847412111,46.961913657119105,4.823194981,56.440311,178.0,66.321999,28.726999999999997,1243.0,2.68711914,2.5293281725422596,58.2514042303625,270556126820.064,245.667954804898
137,Palestine,2.2086999893188484,49.32226136673321,4.695239067,96.668037,45.0,73.29900400000001,32.128,246.0,,1.4316114581047,95.95164871147541,12673000000.0,734.575249169435
138,Panama,1.872599983215332,30.3605057842346,6.605550289,95.03823100000001,94.0,77.806,19.846,0.0,6.79468654,0.132255449498263,76.8670403816548,54091713775.5634,53.3931799838579
139,Papua New Guinea,6.044800186157228,2.6277436735414903,,63.433491000000004,215.0,65.384003,27.933000000000003,0.0,2.50788426,5.99595778127105,18.604170204172,20638636035.255,17.488462217904
140,Paraguay,3.3935001373291023,55.0843191542915,5.559724331,95.53611,132.0,73.023003,21.146,19.0,7.81978742,3.12900274473923,91.22222482327629,36164068797.2511,16.7105940095646
141,Peru,2.6794000625610352,18.2296875,5.577263355,94.374352,68.0,74.747002,19.615,10.0,5.12107095,3.54928804947929,76.81552520419909,189926516769.25,24.51302421875
142,Philippines,2.726099967956543,41.7211657779119,5.547489166,96.618027,114.0,68.95099599999999,23.447,721.0,4.32136857,0.6741925368454119,74.9769045018806,292774099013.687,341.13545628332804
143,Poland,0.4939000129699707,46.9349096965936,6.007021904,99.78742199999999,3.0,77.44899699999999,9.7,0.0,6.34338904,-0.8741258741258492,98.132712948205,476970902628.57794,124.061569613639
145,Portugal,0.2795000076293945,40.334652642692795,5.080866337,95.428108,10.0,81.028999,8.3,0.0,8.97184486,0.487938623904736,99.44214276948351,199420256049.689,113.072025849835
147,Qatar,0.8065999984741211,5.839793544509719,6.3745293620000005,97.757088,13.0,78.03600300000001,10.312999999999999,1.0,3.09957023,1.61018520758248,100.0,161739835164.835,213.741515934539
149,Romania,0.9413999557495116,60.231223922114104,5.777491092999999,98.75702700000001,31.0,75.29699699999999,10.2,0.0,4.94411454,-0.5941564374951371,81.8127185852255,177893451831.14102,86.1243089360223
150,Russia,0.930500030517578,13.2944703414022,5.995538712,99.719566,25.0,70.918999,13.3,21.0,5.27700319,15.534395993570099,88.7866980173266,1363705265460.57,8.79880404497318
151,Rwanda,5.5747001647949235,73.4373713486777,3.483108997,71.2435,290.0,66.695999,31.785999999999998,0.0,6.51938268,2.52850284192422,62.347825035945995,8277613193.576309,471.404661532225
154,Samoa,2.010300064086914,12.3674911660777,,99.015007,51.0,74.769997,25.118000000000002,0.0,5.67470959,0.724980678141104,96.620106950094,804100582.465624,68.4660777385159
155,Sao Tome and Principe,6.102199935913086,50.72916746139529,,91.747108,156.0,66.487999,34.326,0.0,5.349901999999999,5.24587835022457,40.1027696760886,315521531.954768,203.70104166666698
156,Saudi Arabia,1.404399967193604,80.77230030841659,6.3454918860000005,94.84236899999999,12.0,74.400002,19.921,103.0,5.99834034,1.2226931855233,100.0,654269902880.0,14.679858026041
157,Senegal,4.772900009155274,46.0603542305095,4.61700058,55.624851,315.0,66.783997,36.208,2.0,5.58568729,0.1352119336352,48.3581363309709,17767620058.8554,77.7904430478367
158,Serbia,1.0614000320434571,39.658129430596794,5.317685127,98.002892,17.0,,9.3,0.0,9.40507907,1.39235822000187,94.64288939243971,37160332465.1645,81.12717813857759
160,Sierra Leone,12.204900360107422,54.71044610695479,4.908617973,48.4319,1360.0,51.423,35.611,0.0,20.4146101,6.69367927894743,14.535885012615099,4218723875.1379,100.26357716819099
161,Singapore,0.2426000118255615,0.9308885924144019,6.619524956,96.774628,10.0,82.84899899999999,9.7,0.0,4.18938631,-0.522752485199641,100.0,304097759674.134,7806.77291960508
162,Slovakia,0.639300012588501,39.2787300625945,6.162004471,,6.0,76.71399699999999,10.3,0.0,6.86754028,-0.325219777427739,98.92817620268292,87769595120.4718,112.803148787488
163,Slovenia,0.2888999938964844,30.606276610044304,5.740642071,99.71476,9.0,80.797997,10.0,0.0,8.50174063,-0.5255522858208379,99.10727079145849,43072415017.4321,102.45933465739799
166,South Africa,4.082799911499023,79.83002085583101,4.887325764,94.597939,138.0,61.980999,21.296999999999997,5.0,8.19779026,4.50920827795706,73.1288243746002,317536830640.61896,45.5788317437288
167,South Korea,0.33110001087188723,17.815177792601,5.780211448999999,,11.0,81.92400400000001,8.6,1.0,7.04921624,0.7062081698592141,99.8875371411673,1382764027113.82,523.337576938859
169,Spain,0.3142999887466431,53.189060520874996,6.380663395,98.11451,5.0,82.983002,9.0,1.0,9.12012883,-0.500461321406559,99.904360213099,1199084183705.08,92.84621197279671
170,Sri Lanka,0.8703000068664551,43.6931908786477,4.611606598,92.614166,30.0,75.087997,15.6,11.0,3.88992047,3.7683678306209396,94.20667369158708,80604080688.7961,334.332642321799
172,Suriname,2.156900024414063,0.5576923076923079,,95.538986,155.0,71.278999,18.448,0.0,6.70557138,6.8675992438563505,79.21919842685409,4767414747.88691,3.54620512820513
173,Swaziland,6.384799957275392,71.046511627907,,87.470192,389.0,57.106998,29.27,0.0,7.772142999999999,4.95235614857309,58.0258356936934,4020275298.0272603,76.6866860465116
174,Sweden,0.2588000059127808,7.463111754752231,7.28892231,,4.0,82.29900400000001,11.7,32.0,11.00812884,-0.0467847449832651,99.3035336149085,498117638852.89703,24.058299575262104
175,Switzerland,0.4090000152587891,38.438354493710996,7.572136878999999,,5.0,83.139,10.5,0.0,11.89380635,-1.14390064437645,99.89104202907221,679832291693.2571,209.596011742079
178,Tajikistan,4.513800048828125,34.1379061892067,5.124210835,99.781052,32.0,70.878998,29.337,3.0,6.85367879,5.71455949649708,95.4921415082503,7854602391.65355,61.595917455651104
179,Tanzania,5.824499893188478,44.76179724542789,3.660597324,80.35949699999999,398.0,64.949997,38.64,14.0,3.78969995,5.58816952959301,23.5340659681287,47378599025.2894,60.8263230977647
180,Thailand,1.1895000457763671,43.277417839456604,6.201762676,93.983017,20.0,75.102997,10.582,278.0,3.6669476000000003,-0.9004249632915691,95.0112971742745,401399422442.96704,134.388224471021
181,Timor,4.965100097656252,25.5548083389375,,64.066139,215.0,68.569,35.504,0.0,3.49424362,0.552796026277845,44.011055964692794,3104400000.0,83.45507733692
182,Togo,7.941000366210938,70.2334988049274,3.768301964,66.53759000000001,368.0,59.949001,34.532,0.0,6.24938169,2.5850039080159504,13.948482308155599,4179185205.1612206,136.363338849053
183,Tonga,2.3639999389648443,45.8333333333333,,99.397858,124.0,72.879997,24.406,0.0,4.66809287,-1.05399831971284,93.4675640563709,435438217.281663,147.727777777778
184,Trinidad and Tobago,2.9646999359130866,10.5263157894737,,98.96958199999999,63.0,70.556,13.956,1.0,6.21744691,4.66121598098263,92.1465186816669,24401734194.6814,265.12514619883
185,Tunisia,1.8794000625610352,64.836508753862,5.131611824,81.054192,62.0,75.525002,18.647000000000002,17.0,7.00675038,4.8571822823237305,93.12782840139,43152528548.124,72.56475926879509
186,Turkey,1.6448999404907232,50.0838065044242,5.514465332,95.688103,16.0,75.498001,16.533,422.0,4.13853307,7.670853648458801,96.3726935097639,859796691176.471,101.700131231891
187,Turkmenistan,5.329499816894533,72.0064690485817,5.791460037,99.692932,42.0,67.704002,26.01,0.0,6.2979362000000005,,96.5670733566715,35799714285.7143,11.8427936075586
188,Uganda,8.690899658203126,71.8880909634949,4.237686634,73.809837,343.0,59.575001,42.631,10.0,6.33395034,5.58968606251726,19.150954594102103,27102650386.6012,200.20382006782398
189,Ukraine,0.92189998626709,71.65323067893449,3.9645428660000004,99.764107,24.0,71.76799799999999,10.7,637.0,6.9562258,48.6998646434423,95.93784236296379,91030959454.6961,77.9477304820072
190,United Arab Emirates,0.6686999797821045,5.46043350877174,6.568397522000001,92.986366,6.0,77.100998,9.885,0.0,3.58545347,4.06996608361598,99.97720052304831,358135057862.492,109.50122009569401
191,United Kingdom,0.4586999893188477,70.83867234323979,6.515445232,,9.0,81.405998,11.9,114.0,9.79273451,0.368046842325369,99.11270946840521,2896420586534.4,269.205394122267
192,United States,0.6527999877929689,44.369067999501496,6.863946915,,14.0,79.244003,12.4,38.0,16.81565916,0.118627135552435,99.9695508558175,18219297000000.0,35.0962171847362
194,Uruguay,1.4121999740600593,82.5597052301165,6.628080367999999,98.442101,15.0,77.341003,14.142000000000001,0.0,9.00828933,8.66626987079337,95.6749108950545,53274304222.135994,19.606627813964103
195,Uzbekistan,3.3756000518798834,62.9290079924777,5.972364426,99.995193,36.0,71.192001,23.5,1.0,6.0955821,,100.0,66903804142.5395,73.575223319229
196,Vanuatu,2.6867000579833977,15.340442986054098,,85.058678,78.0,71.925003,26.173000000000002,0.0,4.15322859,2.48326875660446,53.468285543140404,737917151.424178,21.706562756357698
197,Venezuela,1.495199966430664,24.488407686639103,5.568800448999999,95.39924599999999,95.0,74.366997,19.325,3.0,5.12893425,121.738085297504,94.9343895728997,,35.3212788390681
198,Vietnam,2.2466999053955083,39.2556519495598,5.076315403,94.514267,54.0,76.052002,16.923,0.0,5.65262114,0.8786037141744759,78.2374478111703,193241108709.536,301.775621633825
201,Yemen,5.862300109863281,44.597230903271,2.982673883,69.961952,385.0,64.74299599999999,32.224000000000004,664.0,5.60372913,,59.68267989473679,45593573381.2648,50.9805613955338
202,Zambia,7.287300109863281,32.063923378038396,4.843164444,85.117264,224.0,61.396999,38.441,0.0,4.43510226,10.1105928909618,31.111809882101397,21154394545.895,21.658331427649003
203,Zimbabwe,6.179700088500978,41.8766963939511,3.70319128,86.873482,443.0,60.397999,33.937,0.0,9.25619679,-2.4094999877713903,38.588618819863896,19963120600.0,40.7844151479902
